<?xml version="1.0" encoding="utf-8"?>
<Envelope>
  <ExportContent>
    <Metadata StudioVersion="11.11.26.5906" DataVersion="4.0.10.0" ExportType="Library">
      <Description />
    </Metadata>
    <Data>
      <BranchContent xmlns:xsd="http://www.w3.org/2001/XMLSchema" xmlns:xsi="http://www.w3.org/2001/XMLSchema-instance" BranchName="RestAPI">
  <Projects>
    <Project>
      <Project Name="FormsRest">
        <Comments />
        <Tags />
        <Configuration xsi:type="InternalLibraryConfiguration">
          <References>
            <Reference>Aggregate</Reference>
            <Reference>AquimaLibrary</Reference>
            <Reference>AquimaPresentationStyles</Reference>
            <Reference>Dashboard</Reference>
            <Reference>BlueriqTheme</Reference>
            <Reference>AquimaTheme</Reference>
          </References>
          <Documents />
        </Configuration>
        <Languages>
          <Language Name="English (United Kingdom)" Code="en-GB" />
        </Languages>
      </Project>
      <Content>
        <Globals />
        <Modules>
          <Module>
            <Module Name="Model" ModuleType="Interaction">
              <Comments />
              <Tags />
              <Includes />
            </Module>
            <Content>
              <Attributes>
                <Attribute Name="A_BaseCurrency" Entity="E_CurrencyExchange" DataType="String" ValueList="VL_ExchangeCurrencyBase" MultiValued="false" Askable="true" ActsAsReference="false">
                  <Comments />
                  <Tags>
                    <Tag>
                      <Name><![CDATA[E_CurrencyExchange]]></Name>
                    </Tag>
                  </Tags>
                  <QuestionText />
                  <ExplainText />
                  <ValidationRules />
                </Attribute>
                <Attribute Name="A_ExchangeRate" Entity="E_CurrencyExchange" DataType="Number" MultiValued="false" Askable="true" ActsAsReference="false">
                  <Comments />
                  <Tags>
                    <Tag>
                      <Name><![CDATA[E_CurrencyExchange]]></Name>
                    </Tag>
                  </Tags>
                  <QuestionText />
                  <ExplainText />
                  <ValidationRules />
                </Attribute>
                <Attribute Name="A_TargetExchange" Entity="E_CurrencyExchange" DataType="String" ValueList="VL_ExchangeCurrencyBase" MultiValued="false" Askable="true" ActsAsReference="false">
                  <Comments />
                  <Tags>
                    <Tag>
                      <Name><![CDATA[E_CurrencyExchange]]></Name>
                    </Tag>
                  </Tags>
                  <QuestionText />
                  <ExplainText />
                  <ValidationRules />
                </Attribute>
                <Attribute Name="currencyBase" Entity="exchangeGetRequest" DataType="String" MultiValued="false" Askable="true" ActsAsReference="false">
                  <Comments />
                  <Tags>
                    <Tag>
                      <Name><![CDATA[exchangeGetRequest]]></Name>
                    </Tag>
                  </Tags>
                  <QuestionText />
                  <ExplainText />
                  <ValidationRules />
                </Attribute>
                <Attribute Name="currencyTarget" Entity="exchangeGetRequest" DataType="String" MultiValued="false" Askable="true" ActsAsReference="false">
                  <Comments />
                  <Tags>
                    <Tag>
                      <Name><![CDATA[exchangeGetRequest]]></Name>
                    </Tag>
                  </Tags>
                  <QuestionText />
                  <ExplainText />
                  <ValidationRules />
                </Attribute>
              </Attributes>
              <Buttons>
                <Button Name="B_CheckRate">
                  <Comments />
                  <Tags />
                  <Caption>
                    <Text Language="English (United Kingdom)">
                      <Value><![CDATA[Check Rate]]></Value>
                    </Text>
                  </Caption>
                </Button>
                <Button Name="Close">
                  <Comments />
                  <Tags />
                  <Caption>
                    <Text Language="English (United Kingdom)">
                      <Value><![CDATA[Close]]></Value>
                    </Text>
                  </Caption>
                </Button>
              </Buttons>
              <Containers>
                <Container Name="C_Exchange">
                  <Comments />
                  <Tags />
                  <ParameterContent xsi:type="DefaultContent">
                    <ParameterValues />
                    <Containments>
                      <Containment xsi:type="AttributeReference" Entity="E_CurrencyExchange" Attribute="A_BaseCurrency" Refresh="false">
                        <PreCondition />
                        <PresentationStyles />
                        <ReadOnly>
                          <Value><![CDATA[FALSE]]></Value>
                        </ReadOnly>
                        <Required>
                          <Value><![CDATA[TRUE]]></Value>
                        </Required>
                      </Containment>
                      <Containment xsi:type="AttributeReference" Entity="E_CurrencyExchange" Attribute="A_TargetExchange" Refresh="false">
                        <PreCondition />
                        <PresentationStyles />
                        <ReadOnly>
                          <Value><![CDATA[FALSE]]></Value>
                        </ReadOnly>
                        <Required>
                          <Value><![CDATA[TRUE]]></Value>
                        </Required>
                      </Containment>
                      <Containment xsi:type="AttributeReference" Entity="E_CurrencyExchange" Attribute="A_ExchangeRate" Refresh="false">
                        <PreCondition />
                        <PresentationStyles />
                        <ReadOnly>
                          <Value><![CDATA[TRUE]]></Value>
                        </ReadOnly>
                        <Required>
                          <Value><![CDATA[FALSE]]></Value>
                        </Required>
                      </Containment>
                      <Containment xsi:type="ButtonReference" Button="B_CheckRate" Refresh="false">
                        <PreCondition />
                        <PresentationStyles />
                        <ReadOnly>
                          <Value><![CDATA[FALSE]]></Value>
                        </ReadOnly>
                        <ButtonEvent>
                          <EventImplementation FlowEvent="Ev_CheckRate" EventType="Commit">
                            <EventParameters />
                          </EventImplementation>
                        </ButtonEvent>
                      </Containment>
                      <Containment xsi:type="ButtonReference" Button="Close" Refresh="false">
                        <PreCondition />
                        <PresentationStyles />
                        <ReadOnly>
                          <Value><![CDATA[FALSE]]></Value>
                        </ReadOnly>
                        <ButtonEvent>
                          <EventImplementation FlowEvent="Ev_Close" EventType="CommitSkipValidate">
                            <EventParameters />
                          </EventImplementation>
                        </ButtonEvent>
                      </Containment>
                    </Containments>
                  </ParameterContent>
                  <DisplayName />
                  <Roles />
                  <Channels />
                  <MappedEvents />
                  <CustomEvents />
                </Container>
              </Containers>
              <Entities>
                <Entity Name="E_CurrencyExchange" Singleton="true" Abstract="false">
                  <Comments />
                  <Tags />
                </Entity>
              </Entities>
              <Flows>
                <Flow Name="F_ExchangeCurrency" Exposed="true" Transactional="false">
                  <Comments />
                  <Tags />
                  <Channels />
                  <Roles />
                  <Nodes>
                    <Node xsi:type="FlowStartNode" Id="1">
                      <Edge Id="2" ToNodeRef="4" />
                    </Node>
                    <Node xsi:type="FlowEndNode" Id="3">
                      <EventImplementation EventType="Commit">
                        <EventParameters />
                      </EventImplementation>
                    </Node>
                    <Node xsi:type="FlowActionNode" Id="4" ActionType="Page" Page="P_Exchange">
                      <Edges>
                        <Edge Id="5" ToNodeRef="7" FlowEvent="Ev_CheckRate" EventType="Commit" />
                        <Edge Id="6" ToNodeRef="9" FlowEvent="Ev_Close" EventType="CommitSkipValidate" />
                      </Edges>
                    </Node>
                    <Node xsi:type="FlowActionNode" Id="7" ActionType="Service" Service="SC_ExchangeCurrency">
                      <Edges>
                        <Edge Id="8" ToNodeRef="4" EventType="Commit" />
                      </Edges>
                    </Node>
                    <Node xsi:type="FlowEndNode" Id="9">
                      <EventImplementation EventType="Commit">
                        <EventParameters />
                      </EventImplementation>
                    </Node>
                  </Nodes>
                  <Layout>
                    <NodeLayouts>
                      <NodeLayout NodeRef="1">
                        <Bounds X="399" Y="44" Width="32" Height="32" />
                      </NodeLayout>
                      <NodeLayout NodeRef="3">
                        <Bounds X="60" Y="412" Width="24" Height="24" />
                      </NodeLayout>
                      <NodeLayout xsi:type="ActionNodeLayout" NodeRef="4" LibraryIcon="None">
                        <Bounds X="395" Y="131" Width="120" Height="40" />
                        <EventKeyPositions>
                          <EventKeyPosition FlowEvent="Ev_CheckRate" EventType="Commit" X="-194" Y="700" />
                          <EventKeyPosition FlowEvent="Ev_Close" EventType="CommitSkipValidate" X="-566" Y="-16" />
                        </EventKeyPositions>
                      </NodeLayout>
                      <NodeLayout xsi:type="ActionNodeLayout" NodeRef="7" LibraryIcon="None">
                        <Bounds X="395" Y="258" Width="120" Height="40" />
                        <EventKeyPositions>
                          <EventKeyPosition EventType="Commit" X="71" Y="-699" />
                        </EventKeyPositions>
                      </NodeLayout>
                      <NodeLayout NodeRef="9">
                        <Bounds X="327" Y="412" Width="24" Height="24" />
                      </NodeLayout>
                    </NodeLayouts>
                    <EdgeLayouts>
                      <EdgeLayout EdgeRef="2">
                        <Offset FromOffsetX="0" FromOffsetY="500" ToOffsetX="27" ToOffsetY="-500">
                          <Waypoints />
                        </Offset>
                      </EdgeLayout>
                      <EdgeLayout EdgeRef="5">
                        <Offset FromOffsetX="-194" FromOffsetY="700" ToOffsetX="-194" ToOffsetY="-499">
                          <Waypoints />
                        </Offset>
                      </EdgeLayout>
                      <EdgeLayout EdgeRef="6">
                        <Offset FromOffsetX="-566" FromOffsetY="-16" ToOffsetX="0" ToOffsetY="-500">
                          <Waypoints />
                        </Offset>
                      </EdgeLayout>
                      <EdgeLayout EdgeRef="8">
                        <Offset FromOffsetX="71" FromOffsetY="-699" ToOffsetX="0" ToOffsetY="500">
                          <Waypoints>
                            <Waypoint X="395" Y="230" />
                          </Waypoints>
                        </Offset>
                      </EdgeLayout>
                    </EdgeLayouts>
                    <GroupLayouts />
                  </Layout>
                </Flow>
              </Flows>
              <FlowEvents>
                <FlowEvent Name="Ev_CheckRate">
                  <Comments />
                  <Tags />
                  <Parameters />
                </FlowEvent>
                <FlowEvent Name="Ev_Close">
                  <Comments />
                  <Tags />
                  <Parameters />
                </FlowEvent>
              </FlowEvents>
              <Pages>
                <Page Name="P_Exchange">
                  <Comments />
                  <Tags />
                  <DisplayName />
                  <Containments>
                    <Containment xsi:type="ContainerReference" Container="C_Exchange">
                      <PreCondition />
                      <PresentationStyles />
                      <ReadOnly>
                        <Value><![CDATA[FALSE]]></Value>
                      </ReadOnly>
                      <RepeatExpression Sorting="Ascending" />
                    </Containment>
                  </Containments>
                </Page>
              </Pages>
              <ServiceCalls>
                <ServiceCall Name="SC_ExchangeCurrency" ServiceType="AQ_RestServiceClient">
                  <Comments />
                  <Tags />
                  <Content xsi:type="DefaultServiceCallContent">
                    <ParameterValues>
                      <ParameterValue Parameter="restService">
                        <Values>
                          <ValueItem>
                            <Module Name="Service" ModuleType="Interaction" />
                            <Value><![CDATA[exchangeService]]></Value>
                          </ValueItem>
                        </Values>
                      </ParameterValue>
                      <ParameterValue Parameter="operation">
                        <Values>
                          <ValueItem>
                            <Value><![CDATA[GET]]></Value>
                          </ValueItem>
                        </Values>
                      </ParameterValue>
                      <ParameterValue Parameter="mapping">
                        <Values>
                          <ValueItem>
                            <Module Name="DataMapping" ModuleType="Configuration" />
                            <Value><![CDATA[exchangeMapping]]></Value>
                          </ValueItem>
                        </Values>
                      </ParameterValue>
                    </ParameterValues>
                  </Content>
                  <MappedEvents />
                </ServiceCall>
              </ServiceCalls>
              <ValueLists>
                <ValueList Name="VL_ExchangeCurrencyBase" DataType="String" External="false" Conditional="false">
                  <Comments />
                  <Tags />
                  <Conditions />
                  <Actions>
                    <Action Value="PLN" Id="1">
                      <Alternatives />
                      <DisplayValue>
                        <Text Language="English (United Kingdom)">
                          <Value><![CDATA[PLN]]></Value>
                        </Text>
                      </DisplayValue>
                      <FormatDefinition>
                        <PresentationStyles />
                      </FormatDefinition>
                    </Action>
                    <Action Value="EUR" Id="2">
                      <Alternatives />
                      <DisplayValue>
                        <Text Language="English (United Kingdom)">
                          <Value><![CDATA[EUR]]></Value>
                        </Text>
                      </DisplayValue>
                      <FormatDefinition>
                        <PresentationStyles />
                      </FormatDefinition>
                    </Action>
                    <Action Value="GBP" Id="3">
                      <Alternatives />
                      <DisplayValue>
                        <Text Language="English (United Kingdom)">
                          <Value><![CDATA[GBP]]></Value>
                        </Text>
                      </DisplayValue>
                      <FormatDefinition>
                        <PresentationStyles />
                      </FormatDefinition>
                    </Action>
                    <Action Value="USD" Id="4">
                      <Alternatives />
                      <DisplayValue>
                        <Text Language="English (United Kingdom)">
                          <Value><![CDATA[USD]]></Value>
                        </Text>
                      </DisplayValue>
                      <FormatDefinition>
                        <PresentationStyles />
                      </FormatDefinition>
                    </Action>
                  </Actions>
                  <SourcePaths />
                  <Layout QuestionColumnWidth="150">
                    <SourcePathLayouts />
                    <ConditionLayouts />
                    <ActionLayouts>
                      <ActionLayout VLActionRef="1" Height="30" />
                      <ActionLayout VLActionRef="2" Height="30" />
                      <ActionLayout VLActionRef="3" Height="30" />
                      <ActionLayout VLActionRef="4" Height="30" />
                    </ActionLayouts>
                  </Layout>
                </ValueList>
              </ValueLists>
            </Content>
          </Module>
          <Module>
            <Module Name="Service" ModuleType="Interaction">
              <Comments />
              <Tags />
              <Includes />
            </Module>
            <Content>
              <Attributes>
                <Attribute Name="currencyTarget" Entity="exchangeGetRequest" DataType="String" MultiValued="false" Askable="true" ActsAsReference="false">
                  <Comments />
                  <Tags>
                    <Tag>
                      <Name><![CDATA[exchangeGetRequest]]></Name>
                    </Tag>
                  </Tags>
                  <QuestionText />
                  <ExplainText />
                  <ValidationRules />
                </Attribute>
                <Attribute Name="currencyBase" Entity="exchangeGetRequest" DataType="String" MultiValued="false" Askable="true" ActsAsReference="false">
                  <Comments />
                  <Tags>
                    <Tag>
                      <Name><![CDATA[exchangeGetRequest]]></Name>
                    </Tag>
                  </Tags>
                  <QuestionText />
                  <ExplainText />
                  <ValidationRules />
                </Attribute>
                <Attribute Name="currencyBase" Entity="serviceParameters" DataType="String" MultiValued="false" Askable="true" ActsAsReference="false">
                  <Comments />
                  <Tags>
                    <Tag>
                      <Name><![CDATA[exchangeParameters]]></Name>
                    </Tag>
                  </Tags>
                  <QuestionText />
                  <ExplainText />
                  <ValidationRules />
                </Attribute>
                <Attribute Name="exchangeDate" Entity="serviceParameters" DataType="Date" MultiValued="false" Askable="true" ActsAsReference="false">
                  <Comments />
                  <Tags>
                    <Tag>
                      <Name><![CDATA[exchangeParameters]]></Name>
                    </Tag>
                  </Tags>
                  <QuestionText />
                  <ExplainText />
                  <ValidationRules />
                </Attribute>
                <Attribute Name="EUR" Entity="rate" DataType="Number" MultiValued="false" Askable="true" ActsAsReference="false">
                  <Comments />
                  <Tags>
                    <Tag>
                      <Name><![CDATA[rate]]></Name>
                    </Tag>
                  </Tags>
                  <QuestionText />
                  <ExplainText />
                  <ValidationRules />
                </Attribute>
                <Attribute Name="GBP" Entity="rate" DataType="Number" MultiValued="false" Askable="true" ActsAsReference="false">
                  <Comments />
                  <Tags>
                    <Tag>
                      <Name><![CDATA[rate]]></Name>
                    </Tag>
                  </Tags>
                  <QuestionText />
                  <ExplainText />
                  <ValidationRules />
                </Attribute>
                <Attribute Name="USD" Entity="rate" DataType="Number" MultiValued="false" Askable="true" ActsAsReference="false">
                  <Comments />
                  <Tags>
                    <Tag>
                      <Name><![CDATA[rate]]></Name>
                    </Tag>
                  </Tags>
                  <QuestionText />
                  <ExplainText />
                  <ValidationRules />
                </Attribute>
                <Attribute Name="PLN" Entity="rate" DataType="Number" MultiValued="false" Askable="true" ActsAsReference="false">
                  <Comments />
                  <Tags>
                    <Tag>
                      <Name><![CDATA[rate]]></Name>
                    </Tag>
                  </Tags>
                  <QuestionText />
                  <ExplainText />
                  <ValidationRules />
                </Attribute>
              </Attributes>
              <Entities>
                <Entity Name="exchangeGetRequest" Singleton="true" Abstract="false">
                  <Comments />
                  <Tags />
                </Entity>
                <Entity Name="exchangeGetResponse" Singleton="true" Abstract="false">
                  <Comments />
                  <Tags />
                </Entity>
                <Entity Name="serviceParameters" Singleton="false" Abstract="false">
                  <Comments />
                  <Tags />
                </Entity>
                <Entity Name="rate" Singleton="false" Abstract="false">
                  <Comments />
                  <Tags />
                </Entity>
              </Entities>
              <Relations>
                <Relation Name="rel_hasParameters" FromEntity="exchangeGetResponse" ToEntity="serviceParameters" ReverseName="rev_hasParameters" MultiValued="false" ReverseMultiValued="false">
                  <Comments />
                  <Tags>
                    <Tag>
                      <Name><![CDATA[exchangeGetResponse]]></Name>
                    </Tag>
                  </Tags>
                  <QuestionText />
                  <ExplainText />
                  <ValidationRules />
                </Relation>
                <Relation Name="rel_hasRate" FromEntity="serviceParameters" ToEntity="rate" ReverseName="rev_hasRate" MultiValued="false" ReverseMultiValued="false">
                  <Comments />
                  <Tags>
                    <Tag>
                      <Name><![CDATA[serviceParameters]]></Name>
                    </Tag>
                  </Tags>
                  <QuestionText />
                  <ExplainText />
                  <ValidationRules />
                </Relation>
              </Relations>
              <RestServices>
                <RestService Name="exchangeService" Location="https://api.exchangeratesapi.io/" CommunicationType="DomainSchema">
                  <Comments />
                  <Tags />
                  <Operations>
                    <Operation Name="GET">
                      <RequestMessage Entity="exchangeGetRequest" HttpMethod="Get">
                        <Headers />
                        <ValidationRules />
                        <Fragments>
                          <Fragment Type="Constant" Constant="latest">
                            <ValidationRules />
                          </Fragment>
                        </Fragments>
                        <Arguments>
                          <Argument Name="base" Type="Dynamic" Attribute="currencyBase">
                            <ValidationRules />
                          </Argument>
                          <Argument Name="symbols" Type="Dynamic" Attribute="currencyTarget">
                            <ValidationRules />
                          </Argument>
                        </Arguments>
                      </RequestMessage>
                      <ResponseMessage Entity="exchangeGetResponse" BodyRelation="rel_hasParameters" DomainSchema="exchangeResponseSchema">
                        <Headers />
                        <ValidationRules />
                      </ResponseMessage>
                    </Operation>
                  </Operations>
                </RestService>
              </RestServices>
              <DomainSchemas>
                <DomainSchema Name="exchangeResponseSchema" RootName="serviceParameters" RootEntity="serviceParameters" IsRootElementHidden="false">
                  <Comments />
                  <Tags />
                  <RootObject>
                    <DomainProperties>
                      <DomainProperty Name="base" Required="false" MultiValued="false" DataType="String" Primitive="true" Attribute="currencyBase" IsDomainSchema="false" IsCustomSchemaElement="false">
                        <ValidationRules />
                      </DomainProperty>
                      <DomainProperty Name="date" Required="false" MultiValued="false" DataType="Date" Primitive="true" Attribute="exchangeDate" IsDomainSchema="false" IsCustomSchemaElement="false">
                        <ValidationRules />
                      </DomainProperty>
                      <DomainProperty Name="rates" Required="false" MultiValued="false" DataType="Boolean" Primitive="false" Relation="rel_hasRate" IsDomainSchema="false" IsCustomSchemaElement="false">
                        <RelationObject>
                          <DomainProperties>
                            <DomainProperty Name="GBP" Required="false" MultiValued="false" DataType="Number" Primitive="true" Attribute="GBP" IsDomainSchema="false" IsCustomSchemaElement="false">
                              <ValidationRules />
                            </DomainProperty>
                            <DomainProperty Name="PLN" Required="false" MultiValued="false" DataType="Number" Primitive="true" Attribute="PLN" IsDomainSchema="false" IsCustomSchemaElement="false">
                              <ValidationRules />
                            </DomainProperty>
                            <DomainProperty Name="USD" Required="false" MultiValued="false" DataType="Number" Primitive="true" Attribute="USD" IsDomainSchema="false" IsCustomSchemaElement="false">
                              <ValidationRules />
                            </DomainProperty>
                            <DomainProperty Name="EUR" Required="false" MultiValued="false" DataType="Number" Primitive="true" Attribute="EUR" IsDomainSchema="false" IsCustomSchemaElement="false">
                              <ValidationRules />
                            </DomainProperty>
                          </DomainProperties>
                        </RelationObject>
                      </DomainProperty>
                    </DomainProperties>
                  </RootObject>
                </DomainSchema>
              </DomainSchemas>
            </Content>
          </Module>
          <Module>
            <Module Name="DataMapping" ModuleType="Configuration">
              <Comments />
              <Tags />
              <Includes />
            </Module>
            <Content>
              <DataMappings>
                <DataMapping Name="exchangeMapping">
                  <Comments />
                  <Tags />
                  <TargetModule Name="Service" ModuleType="Interaction" />
                  <SourceModule Name="Model" ModuleType="Interaction" />
                  <ForwardMappings>
                    <InstanceMapping TargetEntity="exchangeGetRequest" SourceLabel="E_CurrencyExchange" AutomaticMatching="true">
                      <PreCondition />
                      <SourceExpression>
                        <Value><![CDATA[E_CurrencyExchange]]></Value>
                      </SourceExpression>
                      <InstanceMatchAction NoMatchingTargetAction="Transfer" MatchingInstanceAction="Transfer" NoMatchingSourceAction="Transfer" />
                      <ContextExpressions />
                      <MatchingConditions />
                      <ValueMappings>
                        <ValueMapping>
                          <Target xsi:type="AttributeMappingTarget" Attribute="currencyBase" />
                          <ValueMappings>
                            <ValueMapping>
                              <Expression>
                                <Value><![CDATA[E_CurrencyExchange.A_BaseCurrency]]></Value>
                              </Expression>
                              <Condition />
                              <JustificationTreeDetails>
                                <Depth>Primary</Depth>
                              </JustificationTreeDetails>
                            </ValueMapping>
                          </ValueMappings>
                        </ValueMapping>
                        <ValueMapping>
                          <Target xsi:type="AttributeMappingTarget" Attribute="currencyTarget" />
                          <ValueMappings>
                            <ValueMapping>
                              <Expression>
                                <Value><![CDATA[E_CurrencyExchange.A_TargetExchange]]></Value>
                              </Expression>
                              <Condition />
                              <JustificationTreeDetails>
                                <Depth>Primary</Depth>
                              </JustificationTreeDetails>
                            </ValueMapping>
                          </ValueMappings>
                        </ValueMapping>
                      </ValueMappings>
                    </InstanceMapping>
                  </ForwardMappings>
                  <ReversedMappings>
                    <InstanceMapping TargetEntity="E_CurrencyExchange" SourceLabel="serviceParameters" AutomaticMatching="true">
                      <PreCondition />
                      <SourceExpression>
                        <Value><![CDATA[exchangeGetResponse.rel_hasParameters]]></Value>
                      </SourceExpression>
                      <InstanceMatchAction NoMatchingTargetAction="Transfer" MatchingInstanceAction="Transfer" NoMatchingSourceAction="Transfer" />
                      <ContextExpressions />
                      <MatchingConditions />
                      <ValueMappings>
                        <ValueMapping>
                          <Target xsi:type="AttributeMappingTarget" Attribute="A_ExchangeRate" />
                          <ValueMappings>
                            <ValueMapping>
                              <Expression>
                                <Value><![CDATA[serviceParameters.rel_hasRate.PLN]]></Value>
                              </Expression>
                              <Condition>
                                <Value><![CDATA[exchangeGetRequest.currencyTarget = "PLN"]]></Value>
                              </Condition>
                              <JustificationTreeDetails>
                                <Depth>Primary</Depth>
                              </JustificationTreeDetails>
                            </ValueMapping>
                            <ValueMapping>
                              <Expression>
                                <Value><![CDATA[serviceParameters.rel_hasRate.EUR]]></Value>
                              </Expression>
                              <Condition>
                                <Value><![CDATA[exchangeGetRequest.currencyTarget = "EUR"]]></Value>
                              </Condition>
                              <JustificationTreeDetails>
                                <Depth>Primary</Depth>
                              </JustificationTreeDetails>
                            </ValueMapping>
                            <ValueMapping>
                              <Expression>
                                <Value><![CDATA[serviceParameters.rel_hasRate.USD]]></Value>
                              </Expression>
                              <Condition>
                                <Value><![CDATA[exchangeGetRequest.currencyTarget = "USD"]]></Value>
                              </Condition>
                              <JustificationTreeDetails>
                                <Depth>Primary</Depth>
                              </JustificationTreeDetails>
                            </ValueMapping>
                            <ValueMapping>
                              <Expression>
                                <Value><![CDATA[serviceParameters.rel_hasRate.GBP]]></Value>
                              </Expression>
                              <Condition>
                                <Value><![CDATA[exchangeGetRequest.currencyTarget = "GBP"]]></Value>
                              </Condition>
                              <JustificationTreeDetails>
                                <Depth>Primary</Depth>
                              </JustificationTreeDetails>
                            </ValueMapping>
                          </ValueMappings>
                        </ValueMapping>
                      </ValueMappings>
                    </InstanceMapping>
                  </ReversedMappings>
                </DataMapping>
              </DataMappings>
            </Content>
          </Module>
        </Modules>
      </Content>
    </Project>
  </Projects>
  <LibraryPackages />
</BranchContent>
    </Data>
  </ExportContent>
  <Signature>Rd3awxMFSJsxDWJ8Uo64uNVcwX8mu5T5dRoRNf4Idwrpy/p+UWXCGJH3st4oPn34EKYXB/iB2yFv0g2CkHj9FUKydu98755kb2mtoTXsTcV+1uPsiW5WdcQttxbyaz3h9UjjlFvP2ISkyCY6UP4ZaKIE6aiFuAM1OKD8wjAKLfM=</Signature>
</Envelope>